Pearson,Spearman,MSE,RMSE,MAE,R^2 score
0.9151109420168809,0.9264025158532339,0.005696844,0.07547743930412,0.063970774,0.8149040432714004
